Year,State,Rate,Deaths,Name,Population,PovertyCount,PovertyRate,UnemploymentRate,NoCompletedEducation,PopulationWithHighSchoolDiploma,PopulationWithAssociatesDegree,PopulationWithBachelorsDegree,WhitePop,BlackPop,NativeAmericanPop,AsianPop,NativeHawaiianPop,HispanicPop,TwoOrMoreRacesPop
2019,AL,7.89,449,Alabama,4876250.0,795989.0,16.323793899000258,2.7089464239938477,40837.0,841716.0,282316.0,529178.0,3320247.0,1299048.0,25565.0,66270.0,2238.0,208626.0,92220.0
2018,AL,6.94,401,Alabama,4864680.0,829400.0,17.049425655952703,3.040241084716775,41240.0,838776.0,273493.0,515443.0,3317453.0,1293186.0,25576.0,64609.0,2182.0,203146.0,91619.0
2017,AL,7.38,435,Alabama,4864680.0,829400.0,17.049425655952703,3.040241084716775,41240.0,838776.0,273493.0,515443.0,3317453.0,1293186.0,25576.0,64609.0,2182.0,203146.0,91619.0
2016,AL,9.03,534,Alabama,4841164.0,868666.0,17.943329331540927,3.8106331452518445,42577.0,828205.0,258502.0,492382.0,3325037.0,1282053.0,23919.0,60744.0,2008.0,193503.0,85412.0
2015,AL,8.31,496,Alabama,4830620.0,887260.0,18.367414534780213,4.287172247040752,41876.0,826272.0,251335.0,478812.0,3325464.0,1276544.0,23850.0,59599.0,2439.0,193492.0,81646.0
2019,AK,4.81,48,Alaska,737068.0,76933.0,10.437707240037554,3.6371135363358604,3434.0,108797.0,41109.0,88058.0,476015.0,24205.0,109751.0,45920.0,9204.0,51870.0,60665.0
2018,AK,6.25,63,Alaska,738516.0,77865.0,10.543441171213622,3.800459299459998,3479.0,107913.0,40052.0,88053.0,478834.0,24129.0,106660.0,46556.0,8849.0,51186.0,62461.0
2017,AK,5.74,60,Alaska,738516.0,77865.0,10.543441171213622,3.800459299459998,3479.0,107913.0,40052.0,88053.0,478834.0,24129.0,106660.0,46556.0,8849.0,51186.0,62461.0
2016,AK,5.17,58,Alaska,736855.0,72826.0,9.88335561270535,4.090221278270487,3020.0,106169.0,39133.0,86551.0,483518.0,24443.0,103574.0,44218.0,8862.0,49031.0,62340.0
2015,AK,6.91,78,Alaska,733375.0,72957.0,9.948116584284984,4.265893983296404,2977.0,105527.0,37719.0,83201.0,484250.0,25022.0,101313.0,42921.0,8841.0,47808.0,61755.0
2019,AZ,5.24,429,Arizona,7050299.0,1043764.0,14.804535240278462,2.778676478827352,71270.0,940168.0,408312.0,869452.0,5444453.0,317462.0,317414.0,233213.0,14458.0,2208663.0,263037.0
2018,AZ,5.71,461,Arizona,6946685.0,1092192.0,15.72249209515042,3.0261052573997524,69737.0,927855.0,398147.0,835120.0,5364141.0,305259.0,309580.0,228887.0,14112.0,2163312.0,252883.0
2017,AZ,5.7,467,Arizona,6946685.0,1092192.0,15.72249209515042,3.0261052573997524,69737.0,927855.0,398147.0,835120.0,5364141.0,305259.0,309580.0,228887.0,14112.0,2163312.0,252883.0
2016,AZ,5.32,450,Arizona,6728577.0,1165636.0,17.323662937943638,3.7150797263671054,62538.0,898657.0,379207.0,777681.0,5235158.0,287110.0,296732.0,205229.0,12863.0,2054849.0,222579.0
2015,AZ,5.47,467,Arizona,6641928.0,1180690.0,17.776314347279886,4.151083841920599,59117.0,887064.0,370569.0,753425.0,5210335.0,281576.0,294721.0,200090.0,12471.0,2014711.0,211845.0
2019,AR,6.9,251,Arkansas,2999370.0,496260.0,16.545474549655427,2.3498601372954986,23602.0,559816.0,143979.0,297250.0,2301044.0,459542.0,20434.0,45504.0,8733.0,224130.0,80537.0
2018,AR,7.51,278,Arkansas,2990671.0,510337.0,17.06429761080373,2.533678896809445,22927.0,557808.0,139070.0,288720.0,2302874.0,460970.0,20037.0,43988.0,7969.0,219052.0,75852.0
2017,AR,8.1,304,Arkansas,2990671.0,510337.0,17.06429761080373,2.533678896809445,22927.0,557808.0,139070.0,288720.0,2302874.0,460970.0,20037.0,43988.0,7969.0,219052.0,75852.0
2016,AR,8.2,314,Arkansas,2968472.0,542431.0,18.27307112885013,3.1393255520011643,23010.0,561132.0,127004.0,273557.0,2307136.0,460638.0,18697.0,41539.0,6738.0,207049.0,66079.0
2015,AR,7.53,293,Arkansas,2958208.0,553644.0,18.71551966595993,3.5475193089870625,23014.0,564438.0,123526.0,267741.0,2307849.0,459748.0,18409.0,40336.0,6845.0,203226.0,62537.0
2019,CA,4.06,1879,California,39283497.0,5149742.0,13.109174063602332,3.052765388987645,713452.0,4813250.0,2073823.0,5603047.0,23453222.0,2274108.0,303998.0,5692423.0,155290.0,15327688.0,1922664.0
2018,CA,4.21,1917,California,39148760.0,5487141.0,14.016129757366517,3.375590951028845,701772.0,4786892.0,2051313.0,5445781.0,23529068.0,2267875.0,296475.0,5604339.0,153366.0,15221577.0,1882227.0
2017,CA,4.2,1981,California,39148760.0,5487141.0,14.016129757366517,3.375590951028845,701772.0,4786892.0,2051313.0,5445781.0,23529068.0,2267875.0,296475.0,5604339.0,153366.0,15221577.0,1882227.0
2016,CA,4.22,2063,California,38654206.0,6004257.0,15.533256587911804,4.355867508958792,673089.0,4678279.0,1995579.0,5136043.0,23680584.0,2261835.0,285512.0,5354608.0,150908.0,14903982.0,1787159.0
2015,CA,4.43,2178,California,38421464.0,6135142.0,15.968006841176068,4.92193894537699,652517.0,4661300.0,1970322.0,5002596.0,23747013.0,2265387.0,287028.0,5261978.0,150370.0,14750686.0,1734897.0
2019,CO,4.74,306,Colorado,5610349.0,565873.0,10.086235276985443,2.3415833845630636,37709.0,667781.0,321903.0,981017.0,4712574.0,233647.0,54847.0,178147.0,8643.0,1208172.0,205724.0
2018,CO,4.75,299,Colorado,5531141.0,590504.0,10.675988914403014,2.51893777432179,35883.0,657022.0,314214.0,944470.0,4655584.0,227938.0,54483.0,172695.0,8296.0,1184794.0,197328.0
2017,CO,4.49,289,Colorado,5531141.0,590504.0,10.675988914403014,2.51893777432179,35883.0,657022.0,314214.0,944470.0,4655584.0,227938.0,54483.0,172695.0,8296.0,1184794.0,197328.0
2016,CO,4.76,317,Colorado,5359295.0,637938.0,11.903394009846444,3.203686305754768,32415.0,639310.0,301602.0,874953.0,4517058.0,219349.0,50160.0,157523.0,7441.0,1132292.0,183735.0
2015,CO,4.66,310,Colorado,5278906.0,653969.0,12.388343342351616,3.704896431192372,31777.0,631548.0,292801.0,847977.0,4446095.0,213787.0,50008.0,153467.0,7695.0,1112586.0,183480.0
2019,CT,4.42,153,Connecticut,3575074.0,344146.0,9.626262281563962,3.2574430627170234,26484.0,588032.0,191964.0,541380.0,2714031.0,383416.0,9955.0,161257.0,1123.0,574240.0,119000.0
2018,CT,4.2,146,Connecticut,3581504.0,348449.0,9.72912497096192,3.515534255999714,25659.0,591158.0,190869.0,538924.0,2734880.0,378262.0,9698.0,158817.0,1173.0,561791.0,113430.0
2017,CT,4.51,159,Connecticut,3581504.0,348449.0,9.72912497096192,3.515534255999714,25659.0,591158.0,190869.0,538924.0,2734880.0,378262.0,9698.0,158817.0,1173.0,561791.0,113430.0
2016,CT,4.78,172,Connecticut,3588570.0,360464.0,10.044781068782273,4.319408566643538,24315.0,593793.0,184426.0,524370.0,2768080.0,372696.0,9399.0,152782.0,1031.0,537728.0,106988.0
2015,CT,5.65,202,Connecticut,3593222.0,366351.0,10.195612739763922,4.794916651406454,25683.0,594793.0,183289.0,516001.0,2778362.0,370501.0,8908.0,150670.0,981.0,526508.0,101919.0
2019,DE,6.22,66,Delaware,957248.0,109400.0,11.42859530654543,2.766367754228789,6505.0,187323.0,52636.0,124632.0,658237.0,212302.0,3729.0,37009.0,542.0,88364.0,27079.0
2018,DE,5.93,63,Delaware,949495.0,109798.0,11.563831299796208,3.0017009041648457,6867.0,187042.0,51522.0,120794.0,654905.0,209892.0,3455.0,36723.0,477.0,86315.0,26009.0
2017,DE,6.26,68,Delaware,949495.0,109798.0,11.563831299796208,3.0017009041648457,6867.0,187042.0,51522.0,120794.0,654905.0,209892.0,3455.0,36723.0,477.0,86315.0,26009.0
2016,DE,7.82,86,Delaware,934695.0,109448.0,11.70948812179374,3.6021375956862935,7100.0,176928.0,49591.0,115770.0,647002.0,203027.0,3494.0,34428.0,461.0,82662.0,25831.0
2015,DE,9.13,102,Delaware,926454.0,108315.0,11.691352188020128,3.909854131991443,7295.0,174291.0,47604.0,112141.0,642623.0,200481.0,3140.0,33643.0,306.0,80706.0,25266.0
2019,FL,6.01,1330,Florida,20901636.0,2870487.0,13.733312550271185,2.686143802332028,224991.0,3647514.0,1468744.0,2827938.0,15702256.0,3359031.0,59320.0,571276.0,12653.0,5346684.0,572021.0
2018,FL,6.04,1339,Florida,20598139.0,2983851.0,14.486022256670857,3.0244382757102475,217948.0,3616947.0,1438630.0,2721635.0,15529098.0,3316376.0,58118.0,559168.0,12887.0,5184720.0,542340.0
2017,FL,6.1,1364,Florida,20598139.0,2983851.0,14.486022256670857,3.0244382757102475,217948.0,3616947.0,1438630.0,2721635.0,15529098.0,3316376.0,58118.0,559168.0,12887.0,5184720.0,542340.0
2016,FL,6.14,1382,Florida,19934451.0,3139258.0,15.747902964571233,4.023266053326475,205055.0,3516434.0,1348226.0,2514297.0,15130748.0,3216994.0,52904.0,521272.0,11288.0,4806854.0,495368.0
2015,FL,6.24,1399,Florida,19645772.0,3180109.0,16.187243748934886,4.662458670496634,198004.0,3491793.0,1296844.0,2418555.0,14934702.0,3171108.0,54569.0,509085.0,11024.0,4660733.0,472082.0
2019,GA,6.98,888,Georgia,10403847.0,1528558.0,14.69223836144457,2.7928130815457015,92308.0,1582994.0,538144.0,1324801.0,6098889.0,3289020.0,37440.0,414481.0,6233.0,992394.0,265912.0
2018,GA,7.05,889,Georgia,10297484.0,1607714.0,15.61268752638994,3.1352707127294397,91231.0,1566284.0,518144.0,1282947.0,6079976.0,3239300.0,33484.0,402501.0,6095.0,968463.0,252448.0
2017,GA,7.18,928,Georgia,10297484.0,1607714.0,15.61268752638994,3.1352707127294397,91231.0,1566284.0,518144.0,1282947.0,6079976.0,3239300.0,33484.0,402501.0,6095.0,968463.0,252448.0
2016,GA,7.47,972,Georgia,10099320.0,1746894.0,17.297144758260952,4.149913063453777,88872.0,1528586.0,484768.0,1208700.0,6039389.0,3148134.0,28950.0,373983.0,4916.0,926990.0,222457.0
2015,GA,7.79,1024,Georgia,10006693.0,1788947.0,17.877504586180468,4.686183537358446,85137.0,1529871.0,465465.0,1178186.0,6025691.0,3096757.0,25887.0,360448.0,4704.0,915120.0,213803.0
2019,HI,5.06,85,Hawaii,1422094.0,130649.0,9.187086085729916,2.1284809583614024,10456.0,247978.0,106509.0,215777.0,354847.0,26025.0,3710.0,537355.0,142997.0,149118.0,339727.0
2018,HI,6.78,115,Hawaii,1422029.0,137516.0,9.670407565527848,2.2528373190701454,10953.0,251280.0,105186.0,212053.0,355612.0,26266.0,2987.0,536842.0,143274.0,147962.0,341756.0
2017,HI,5.42,95,Hawaii,1422029.0,137516.0,9.670407565527848,2.2528373190701454,10953.0,251280.0,105186.0,212053.0,355612.0,26266.0,2987.0,536842.0,143274.0,147962.0,341756.0
2016,HI,6.04,109,Hawaii,1413673.0,148577.0,10.509997715171755,2.7423597960773107,10437.0,248106.0,100990.0,201712.0,353643.0,25871.0,2715.0,537363.0,143973.0,141827.0,336629.0
2015,HI,5.65,104,Hawaii,1406299.0,153944.0,10.946747455555327,3.0070418879626595,10231.0,245959.0,98882.0,196010.0,357164.0,28688.0,3012.0,530551.0,138901.0,139251.0,333119.0
2019,ID,4.39,97,Idaho,1717750.0,221256.0,12.880570513753456,2.0887207102314074,10691.0,246382.0,109602.0,207179.0,1545409.0,11918.0,23136.0,24287.0,2755.0,215476.0,50569.0
2018,ID,5.05,108,Idaho,1687809.0,228882.0,13.560894627294912,2.2320061096960617,10670.0,242641.0,104333.0,198648.0,1527262.0,11536.0,22790.0,23758.0,2761.0,209073.0,46592.0
2017,ID,4.55,101,Idaho,1687809.0,228882.0,13.560894627294912,2.2320061096960617,10670.0,242641.0,104333.0,198648.0,1527262.0,11536.0,22790.0,23758.0,2761.0,209073.0,46592.0
2016,ID,5.83,131,Idaho,1635483.0,244585.0,14.954909344823516,2.9584532520362488,10709.0,234652.0,97833.0,187399.0,1493155.0,10433.0,21454.0,21630.0,2003.0,195589.0,42050.0
2015,ID,4.69,107,Idaho,1616547.0,245177.0,15.166710278142238,3.421614094734023,11099.0,230642.0,94717.0,182235.0,1482914.0,9900.0,20504.0,21711.0,1921.0,191314.0,41226.0
2019,IL,5.52,794,Illinois,12770631.0,1557873.0,12.198872553752434,3.0928855434003224,112285.0,1941914.0,700533.0,1831438.0,9134903.0,1813590.0,33460.0,698524.0,4477.0,2186387.0,328446.0
2018,IL,6.55,949,Illinois,12821497.0,1635603.0,12.75672411731641,3.4094224722744935,110053.0,1955687.0,692622.0,1801833.0,9189185.0,1824125.0,31864.0,690822.0,4582.0,2174842.0,318413.0
2017,IL,6.12,915,Illinois,12821497.0,1635603.0,12.75672411731641,3.4094224722744935,110053.0,1955687.0,692622.0,1801833.0,9189185.0,1824125.0,31864.0,690822.0,4582.0,2174842.0,318413.0
2016,IL,6.38,985,Illinois,12851684.0,1753731.0,13.645923755984041,4.245630378088973,102947.0,1975231.0,671821.0,1744260.0,9270907.0,1837612.0,29399.0,655799.0,4186.0,2136474.0,300222.0
2015,IL,6,948,Illinois,12873761.0,1801118.0,13.990612378154294,4.726792737569076,101111.0,1999566.0,658904.0,1711787.0,9312771.0,1846108.0,28363.0,645642.0,3407.0,2122841.0,289537.0
2019,IN,6.53,525,Indiana,6665703.0,867996.0,13.021822304414103,2.420614899883778,41362.0,1249644.0,387910.0,749078.0,5553391.0,626587.0,15782.0,151979.0,2506.0,461850.0,169711.0
2018,IN,6.72,549,Indiana,6637426.0,908359.0,13.685410579342053,2.7264936739031063,40742.0,1248789.0,382510.0,727108.0,5548277.0,619472.0,14925.0,144991.0,2818.0,450267.0,162295.0
2017,IN,7.22,593,Indiana,6637426.0,908359.0,13.685410579342053,2.7264936739031063,40742.0,1248789.0,382510.0,727108.0,5548277.0,619472.0,14925.0,144991.0,2818.0,450267.0,162295.0
2016,IN,7.39,614,Indiana,6589578.0,957694.0,14.533464813680027,3.4741071431281334,39122.0,1261742.0,364277.0,681986.0,5534759.0,608226.0,15799.0,130232.0,2746.0,429522.0,146316.0
2015,IN,7.31,614,Indiana,6568645.0,978043.0,14.889570071148617,3.9390011181910425,39319.0,1272879.0,355635.0,664747.0,5529201.0,603014.0,14793.0,121729.0,2285.0,421206.0,145601.0
2019,IA,5.03,189,Iowa,3139508.0,348122.0,11.088425320145705,1.993082992621774,16715.0,565444.0,242125.0,403801.0,2826070.0,116359.0,11976.0,75741.0,3729.0,188311.0,66585.0
2018,IA,4.98,188,Iowa,3132499.0,353634.0,11.28919753845093,2.0819160676507797,16321.0,565437.0,238423.0,395820.0,2827889.0,109911.0,11549.0,75083.0,3129.0,183296.0,65770.0
2017,IA,5.31,204,Iowa,3132499.0,353634.0,11.28919753845093,2.0819160676507797,16321.0,565437.0,238423.0,395820.0,2827889.0,109911.0,11549.0,75083.0,3129.0,183296.0,65770.0
2016,IA,5.96,235,Iowa,3106589.0,369828.0,11.904632379757992,2.4235262533923865,14401.0,573723.0,231629.0,379649.0,2823890.0,103052.0,9951.0,66570.0,2422.0,172707.0,61294.0
2015,IA,4.23,167,Iowa,3093526.0,373883.0,12.085982144646595,2.6421306948769785,14467.0,577079.0,227328.0,372434.0,2820046.0,97788.0,9977.0,62997.0,1882.0,168230.0,60964.0
2019,KS,5.69,201,Kansas,2910652.0,337739.0,11.603551369246478,2.0958190810856125,17522.0,416403.0,165119.0,400938.0,2455935.0,170291.0,24010.0,85794.0,2382.0,345680.0,100557.0
2018,KS,6.37,231,Kansas,2908776.0,350280.0,12.04217856582975,2.2359232886960014,16970.0,415835.0,161016.0,394462.0,2460619.0,169801.0,24050.0,83531.0,2143.0,340616.0,101044.0
2017,KS,6.02,220,Kansas,2908776.0,350280.0,12.04217856582975,2.2359232886960014,16970.0,415835.0,161016.0,394462.0,2460619.0,169801.0,24050.0,83531.0,2143.0,340616.0,101044.0
2016,KS,5.99,228,Kansas,2898292.0,373162.0,12.875238243765638,2.725743299846944,16010.0,421417.0,152963.0,380391.0,2468923.0,167706.0,23871.0,77605.0,1874.0,327739.0,96030.0
2015,KS,5.95,233,Kansas,2892987.0,381353.0,13.181981115020566,3.0575318865933374,15846.0,425864.0,148723.0,374220.0,2464566.0,168402.0,24022.0,75653.0,1796.0,323218.0,95365.0
2019,KY,5,266,Kentucky,4449052.0,747010.0,16.790318476835065,2.6285374951787484,32406.0,792393.0,251136.0,428846.0,3868479.0,358928.0,9386.0,65191.0,3182.0,162994.0,100285.0
2018,KY,6.05,326,Kentucky,4440204.0,772080.0,17.38839026315007,2.890813124802374,32771.0,787966.0,244802.0,415937.0,3866676.0,354112.0,9888.0,62802.0,2814.0,158744.0,99826.0
2017,KY,6.59,361,Kentucky,4440204.0,772080.0,17.38839026315007,2.890813124802374,32771.0,787966.0,244802.0,415937.0,3866676.0,354112.0,9888.0,62802.0,2814.0,158744.0,99826.0
2016,KY,6.78,376,Kentucky,4411989.0,804139.0,18.226224045436197,3.5473569857041802,32514.0,786862.0,231405.0,397154.0,3859516.0,350242.0,9052.0,57084.0,2584.0,146945.0,92837.0
2015,KY,6.7,375,Kentucky,4397353.0,805841.0,18.325592691785264,3.963930118869238,32837.0,788112.0,221409.0,386554.0,3851591.0,347034.0,9063.0,55483.0,2197.0,143481.0,90836.0
2019,LA,8.07,468,Louisiana,4664362.0,871467.0,18.683519846872947,3.023350245971475,37358.0,893660.0,194127.0,490514.0,2892275.0,1502963.0,26361.0,80806.0,1406.0,239164.0,94959.0
2018,LA,7.65,456,Louisiana,4663616.0,878394.0,18.835041307002978,3.2131719249612316,36825.0,889374.0,186448.0,483170.0,2901106.0,1502916.0,26272.0,79872.0,1468.0,234920.0,91563.0
2017,LA,7.06,431,Louisiana,4663616.0,878394.0,18.835041307002978,3.2131719249612316,36825.0,889374.0,186448.0,483170.0,2901106.0,1502916.0,26272.0,79872.0,1468.0,234920.0,91563.0
2016,LA,7.98,504,Louisiana,4645670.0,889570.0,19.148368265503144,3.623287921871334,38944.0,876224.0,174294.0,461804.0,2909290.0,1494201.0,26403.0,78719.0,1464.0,223408.0,85159.0
2015,LA,7.56,489,Louisiana,4625253.0,888280.0,19.20500348845782,3.8516811945206024,38508.0,870720.0,168460.0,451042.0,2902538.0,1484363.0,27238.0,77818.0,1824.0,218263.0,83877.0
2019,ME,5.23,63,Maine,1335492.0,153131.0,11.466261123241472,2.165643822651128,5238.0,259470.0,97905.0,194761.0,1259522.0,18468.0,8660.0,15109.0,396.0,22100.0,29796.0
2018,ME,5.52,68,Maine,1332813.0,161743.0,12.13546086360202,2.416167909526693,5409.0,260693.0,96570.0,190172.0,1259217.0,17881.0,8302.0,14917.0,318.0,21421.0,29208.0
2017,ME,5.85,72,Maine,1332813.0,161743.0,12.13546086360202,2.416167909526693,5409.0,260693.0,96570.0,190172.0,1259217.0,17881.0,8302.0,14917.0,318.0,21421.0,29208.0
2016,ME,5.75,73,Maine,1329923.0,174405.0,13.113917121517561,3.1295044901095777,5494.0,267967.0,93123.0,180436.0,1260476.0,16303.0,8013.0,14643.0,211.0,19772.0,27126.0
2015,ME,6.58,83,Maine,1329100.0,180278.0,13.563915431494996,3.5736212474606877,5683.0,266649.0,90595.0,178375.0,1262026.0,15037.0,7811.0,14590.0,187.0,19447.0,26298.0
2019,MD,5.91,413,Maryland,6018848.0,539991.0,8.971667003386695,2.7313532423480376,52991.0,890361.0,277837.0,891511.0,3343003.0,1799094.0,16762.0,378126.0,3034.0,606482.0,206692.0
2018,MD,6.02,428,Maryland,6003435.0,553496.0,9.219655080799576,3.016423097776523,49217.0,894293.0,273518.0,877641.0,3373181.0,1788090.0,15644.0,374277.0,3059.0,588912.0,199369.0
2017,MD,6.43,461,Maryland,6003435.0,553496.0,9.219655080799576,3.016423097776523,49217.0,894293.0,273518.0,877641.0,3373181.0,1788090.0,15644.0,374277.0,3059.0,588912.0,199369.0
2016,MD,6.54,478,Maryland,5959902.0,576835.0,9.678598742059853,3.6256636434625937,44749.0,904895.0,259899.0,838732.0,3408240.0,1765926.0,15946.0,362259.0,2792.0,550146.0,186153.0
2015,MD,6.59,485,Maryland,5930538.0,576805.0,9.726014739303585,4.013581904373599,41611.0,905176.0,256254.0,826439.0,3416107.0,1750916.0,15579.0,357616.0,2754.0,533671.0,175652.0
2019,MA,3.59,254,Massachusetts,6850553.0,680962.0,9.940248619345036,2.676499254877672,68431.0,1014308.0,363665.0,1151870.0,5348538.0,522357.0,14764.0,452436.0,2804.0,809179.0,223035.0
2018,MA,4.18,289,Massachusetts,6830193.0,710305.0,10.399486515241955,2.9788909332430284,68153.0,1019399.0,365103.0,1128877.0,5360006.0,510558.0,14493.0,442574.0,2329.0,789127.0,215493.0
2017,MA,3.66,259,Massachusetts,6830193.0,710305.0,10.399486515241955,2.9788909332430284,68153.0,1019399.0,365103.0,1128877.0,5360006.0,510558.0,14493.0,442574.0,2329.0,789127.0,215493.0
2016,MA,3.94,281,Massachusetts,6742143.0,740836.0,10.988138341177278,3.7428307290426797,64175.0,1032460.0,359774.0,1072120.0,5343665.0,489233.0,13931.0,411736.0,2002.0,731739.0,203014.0
2015,MA,4.32,309,Massachusetts,6705586.0,748905.0,11.168375142754115,4.178068851849786,63105.0,1035769.0,357133.0,1049150.0,5334859.0,478947.0,13189.0,400675.0,1644.0,707928.0,194677.0
2019,MI,6.33,690,Michigan,9965265.0,1398527.0,14.034017158600399,2.949183990591319,71854.0,1695368.0,643446.0,1207829.0,7813755.0,1374314.0,53316.0,311721.0,3099.0,507353.0,291259.0
2018,MI,6.22,684,Michigan,9957488.0,1457008.0,14.632284769010015,3.223784954598991,72034.0,1695208.0,636753.0,1179677.0,7818588.0,1375424.0,53235.0,304403.0,2979.0,497897.0,283718.0
2017,MI,6.78,755,Michigan,9957488.0,1457008.0,14.632284769010015,3.223784954598991,72034.0,1695208.0,636753.0,1179677.0,7818588.0,1375424.0,53235.0,304403.0,2979.0,497897.0,283718.0
2016,MI,6.42,727,Michigan,9909600.0,1575066.0,15.894344877694357,4.167009768305482,72694.0,1710082.0,608429.0,1117697.0,7817827.0,1376446.0,52891.0,276769.0,2492.0,474381.0,271798.0
2015,MI,6.52,739,Michigan,9900571.0,1616870.0,16.331078278212438,4.825438856001336,72158.0,1722171.0,595198.0,1094936.0,7823875.0,1381388.0,53951.0,268766.0,2083.0,467021.0,261324.0
2019,MN,4.47,302,Minnesota,5563378.0,526065.0,9.455855776831989,1.9972577811538241,46158.0,812779.0,431425.0,892893.0,4609049.0,356515.0,58011.0,268181.0,2194.0,299556.0,165396.0
2018,MN,5.06,341,Minnesota,5527358.0,547442.0,9.904225490731738,2.156871329846918,44273.0,814573.0,424424.0,871363.0,4606044.0,342186.0,58982.0,262359.0,2187.0,292764.0,157767.0
2017,MN,4.8,329,Minnesota,5527358.0,547442.0,9.904225490731738,2.156871329846918,44273.0,814573.0,424424.0,871363.0,4606044.0,342186.0,58982.0,262359.0,2187.0,292764.0,157767.0
2016,MN,5.13,358,Minnesota,5450868.0,577196.0,10.589065814839032,2.6757756746265,40252.0,825855.0,401968.0,834294.0,4597525.0,310853.0,56904.0,246819.0,1969.0,276026.0,148502.0
2015,MN,5.17,361,Minnesota,5419171.0,596662.0,11.010208018901784,3.0957502540517727,38827.0,833028.0,390242.0,818315.0,4594367.0,299176.0,56561.0,240786.0,1970.0,270984.0,144226.0
2019,MS,9.07,322,Mississippi,2984418.0,585786.0,19.628148603848388,3.3417905936768912,24760.0,477712.0,192866.0,269736.0,1743217.0,1125623.0,14269.0,29605.0,680.0,91202.0,40296.0
2018,MS,8.41,311,Mississippi,2988762.0,599795.0,20.06834267833973,3.6816581581270102,25771.0,474505.0,184334.0,266274.0,1751193.0,1125834.0,13689.0,28313.0,707.0,90493.0,40193.0
2017,MS,8.73,326,Mississippi,2988762.0,599795.0,20.06834267833973,3.6816581581270102,25771.0,474505.0,184334.0,266274.0,1751193.0,1125834.0,13689.0,28313.0,707.0,90493.0,40193.0
2016,MS,8.67,329,Mississippi,2989192.0,645553.0,21.59623737785997,4.3101948620229145,26988.0,472088.0,170289.0,255615.0,1764038.0,1121327.0,13072.0,28562.0,492.0,86704.0,35367.0
2015,MS,9.45,363,Mississippi,2988081.0,651545.0,21.80479712564686,4.63324120062341,27994.0,469777.0,166725.0,251230.0,1768174.0,1116457.0,12896.0,28900.0,409.0,86507.0,35334.0
2019,MO,6.1,433,Missouri,6104910.0,810045.0,13.268745976599163,2.289779865714646,34182.0,1080715.0,328720.0,745843.0,5015904.0,701334.0,27084.0,120654.0,8231.0,254791.0,160368.0
2018,MO,6.35,465,Missouri,6090062.0,837930.0,13.758973225559936,2.5608606283482827,33534.0,1076664.0,323751.0,729543.0,5008342.0,704896.0,26952.0,116720.0,6662.0,249105.0,155328.0
2017,MO,6.26,457,Missouri,6090062.0,837930.0,13.758973225559936,2.5608606283482827,33534.0,1076664.0,323751.0,729543.0,5008342.0,704896.0,26952.0,116720.0,6662.0,249105.0,155328.0
2016,MO,6.59,492,Missouri,6059651.0,897755.0,14.815292167816265,3.3028799843423324,33236.0,1079050.0,307566.0,701863.0,5000875.0,701896.0,25641.0,107953.0,6479.0,237284.0,148041.0
2015,MO,6.49,487,Missouri,6045448.0,915972.0,15.151432945912363,3.7470837562410595,32874.0,1079150.0,299637.0,685454.0,4995527.0,697022.0,24951.0,106537.0,6161.0,233046.0,147645.0
2019,MT,4.63,54,Montana,1050649.0,134605.0,12.811605017470153,2.0475915362790045,3154.0,175082.0,66951.0,155230.0,930204.0,5303.0,66839.0,8259.0,807.0,40314.0,32161.0
2018,MT,4.78,55,Montana,1041732.0,139063.0,13.349210737502544,2.153432936686211,3151.0,175345.0,64097.0,148624.0,925642.0,4630.0,67289.0,7947.0,757.0,39019.0,29435.0
2017,MT,5.51,65,Montana,1041732.0,139063.0,13.349210737502544,2.153432936686211,3151.0,175345.0,64097.0,148624.0,925642.0,4630.0,67289.0,7947.0,757.0,39019.0,29435.0
2016,MT,5.78,71,Montana,1023391.0,148677.0,14.527878396429127,2.871043423285919,2919.0,175084.0,60424.0,140945.0,911907.0,4260.0,67222.0,7481.0,841.0,34841.0,26522.0
2015,MT,5.8,73,Montana,1014699.0,150586.0,14.840460077323423,3.1892216312423685,2786.0,175079.0,57894.0,138099.0,904977.0,4757.0,65693.0,7187.0,848.0,33622.0,25777.0
2019,NE,4.95,125,Nebraska,1914571.0,206579.0,10.789832291411496,1.803798344381065,14521.0,283407.0,132185.0,262614.0,1666871.0,92406.0,17673.0,45655.0,1327.0,208271.0,50386.0
2018,NE,5.77,147,Nebraska,1904760.0,213790.0,11.223986223986223,1.9186144186144185,14848.0,283361.0,130043.0,258291.0,1666463.0,90860.0,17282.0,44105.0,1392.0,203281.0,48600.0
2017,NE,5.54,143,Nebraska,1904760.0,213790.0,11.223986223986223,1.9186144186144185,14848.0,283361.0,130043.0,258291.0,1666463.0,90860.0,17282.0,44105.0,1392.0,203281.0,48600.0
2016,NE,6.06,161,Nebraska,1881259.0,227021.0,12.067503730214712,2.261464264091228,13559.0,288518.0,123619.0,245288.0,1655708.0,88388.0,15739.0,39794.0,1305.0,191802.0,43653.0
2015,NE,5.7,152,Nebraska,1869365.0,231115.0,12.363289138290275,2.5464261928515834,13074.0,292881.0,120763.0,238158.0,1647551.0,88195.0,16319.0,38066.0,1280.0,186268.0,41595.0
2019,NV,5.63,201,Nevada,2972382.0,384690.0,12.942145390464617,3.1094926560583396,32770.0,490303.0,170718.0,330222.0,1949707.0,271005.0,38026.0,242267.0,20022.0,853041.0,146408.0
2018,NV,6.14,219,Nevada,2922849.0,393431.0,13.460531146152265,3.4811240676476958,32255.0,483098.0,163699.0,317510.0,1935103.0,261123.0,35845.0,234693.0,19352.0,831597.0,140499.0
2017,NV,5.85,209,Nevada,2922849.0,393431.0,13.460531146152265,3.4811240676476958,32255.0,483098.0,163699.0,317510.0,1935103.0,261123.0,35845.0,234693.0,19352.0,831597.0,140499.0
2016,NV,5.76,209,Nevada,2839172.0,417257.0,14.69643262190526,4.7029556504502015,30124.0,466140.0,152171.0,293579.0,1933057.0,243552.0,31927.0,222612.0,18334.0,790497.0,129036.0
2015,NV,5.18,188,Nevada,2798636.0,426337.0,15.233742437387356,5.304977138863361,28887.0,457309.0,147840.0,285510.0,1929661.0,235721.0,31393.0,214846.0,17942.0,770553.0,122935.0
2019,NH,3.07,37,New Hampshire,1348124.0,98682.0,7.319949796902955,2.0346793024973966,5874.0,222457.0,97663.0,218013.0,1252128.0,21546.0,2036.0,36180.0,443.0,50493.0,28281.0
2018,NH,3.5,42,New Hampshire,1343622.0,102352.0,7.6176186457203,2.261945696036534,5568.0,223340.0,96387.0,213277.0,1250014.0,20516.0,2090.0,36124.0,359.0,48356.0,27890.0
2017,NH,4.21,51,New Hampshire,1343622.0,102352.0,7.6176186457203,2.261945696036534,5568.0,223340.0,96387.0,213277.0,1250014.0,20516.0,2090.0,36124.0,359.0,48356.0,27890.0
2016,NH,3.67,45,New Hampshire,1327503.0,109690.0,8.262881515145352,2.841952146247504,5410.0,225743.0,91327.0,206061.0,1243594.0,17483.0,2085.0,32094.0,229.0,43500.0,24906.0
2015,NH,4.1,51,New Hampshire,1324201.0,113840.0,8.596882195376685,3.2270780644328165,5450.0,228481.0,88681.0,202048.0,1241313.0,17439.0,2238.0,31364.0,228.0,42141.0,24346.0
2019,NJ,4.3,428,New Jersey,8878503.0,869081.0,9.788598370693798,2.9069427582555303,84073.0,1517670.0,401872.0,1489653.0,6018074.0,1194882.0,19711.0,840168.0,3458.0,1794736.0,243545.0
2018,NJ,3.8,385,New Jersey,8881845.0,904132.0,10.179551658467357,3.2097385171661967,82079.0,1530024.0,401069.0,1457910.0,6031747.0,1196764.0,18649.0,832403.0,3357.0,1768020.0,230949.0
2017,NJ,4.45,451,New Jersey,8881845.0,904132.0,10.179551658467357,3.2097385171661967,82079.0,1530024.0,401069.0,1457910.0,6031747.0,1196764.0,18649.0,832403.0,3357.0,1768020.0,230949.0
2016,NJ,4.03,414,New Jersey,8915456.0,949341.0,10.648260728335153,4.137421574398438,79716.0,1568935.0,390672.0,1411979.0,6075710.0,1207221.0,18470.0,819208.0,2811.0,1719831.0,225713.0
2015,NJ,4.68,483,New Jersey,8904413.0,944847.0,10.610997041579271,4.642001668161618,79688.0,1586195.0,385049.0,1387201.0,6083940.0,1202300.0,18335.0,804989.0,2808.0,1688008.0,223826.0
2019,NM,5.61,129,New Mexico,2092454.0,392065.0,18.737090516685193,3.032707051146644,17564.0,305538.0,118038.0,215662.0,1565366.0,44120.0,199845.0,32577.0,1644.0,1020817.0,68264.0
2018,NM,5.69,131,New Mexico,2092434.0,410389.0,19.612996156629073,3.2674865730532003,17383.0,303626.0,114664.0,213129.0,1558886.0,43006.0,199896.0,31513.0,1514.0,1015751.0,67508.0
2017,NM,5.85,139,New Mexico,2092434.0,410389.0,19.612996156629073,3.2674865730532003,17383.0,303626.0,114664.0,213129.0,1558886.0,43006.0,199896.0,31513.0,1514.0,1015751.0,67508.0
2016,NM,6.16,152,New Mexico,2082669.0,426814.0,20.493607001400605,3.8976428803616896,18356.0,298867.0,110974.0,206247.0,1530636.0,41957.0,193295.0,29168.0,1340.0,995831.0,67797.0
2015,NM,5.07,131,New Mexico,2084117.0,429361.0,20.601578510227593,4.266747020440791,18345.0,298130.0,107215.0,202298.0,1524911.0,43738.0,190528.0,28761.0,1276.0,986972.0,68053.0
2019,NY,4.26,955,New York,19572319.0,2681277.0,13.699332204834798,2.7973639710245886,267488.0,3002160.0,1190240.0,2799878.0,12459687.0,3065471.0,79512.0,1647606.0,8821.0,3720983.0,616257.0
2018,NY,4.33,979,New York,19618453.0,2797985.0,14.262006285612836,3.071781449842146,264723.0,3020851.0,1184265.0,2748577.0,12514949.0,3068099.0,79644.0,1630341.0,8017.0,3705588.0,599183.0
2017,NY,4.58,1053,New York,19618453.0,2797985.0,14.262006285612836,3.071781449842146,264723.0,3020851.0,1184265.0,2748577.0,12514949.0,3068099.0,79644.0,1630341.0,8017.0,3705588.0,599183.0
2016,NY,4.51,1056,New York,19697457.0,2967564.0,15.065721427898028,3.854426487642542,256347.0,3050606.0,1164307.0,2654203.0,12667413.0,3073278.0,75751.0,1599216.0,7528.0,3661929.0,576440.0
2015,NY,4.63,1098,New York,19673174.0,3005943.0,15.279400263526364,4.214576661600208,248247.0,3080068.0,1144351.0,2604077.0,12704637.0,3070392.0,74793.0,1570223.0,6485.0,3619658.0,560879.0
2019,NC,6.8,808,North Carolina,10264876.0,1467591.0,14.29721118891256,2.7408416818673698,82479.0,1491605.0,675145.0,1395214.0,7049919.0,2200761.0,123952.0,292992.0,7213.0,962665.0,273276.0
2018,NC,6.75,803,North Carolina,10155624.0,1523949.0,15.005961228970273,3.0781958843690944,82023.0,1482960.0,652658.0,1345846.0,6994240.0,2179622.0,121352.0,282264.0,6939.0,935950.0,263301.0
2017,NC,7.03,845,North Carolina,10155624.0,1523949.0,15.005961228970273,3.0781958843690944,82023.0,1482960.0,652658.0,1345846.0,6994240.0,2179622.0,121352.0,282264.0,6939.0,935950.0,263301.0
2016,NC,7.24,874,North Carolina,9940828.0,1631704.0,16.414165902478143,4.069922545687342,83383.0,1470346.0,607780.0,1255557.0,6882915.0,2137131.0,117479.0,254550.0,6588.0,884763.0,243370.0
2015,NC,7.35,888,North Carolina,9845333.0,1667465.0,16.936603363238195,4.605430816814423,83514.0,1469226.0,589399.0,1213587.0,6839831.0,2115338.0,116143.0,244076.0,6244.0,869908.0,231391.0
2019,ND,7.35,77,North Dakota,756717.0,78198.0,10.333850039050265,1.507300615685917,3017.0,111716.0,68506.0,107938.0,655136.0,21985.0,40006.0,11006.0,863.0,28317.0,19612.0
2018,ND,5.64,60,North Dakota,752201.0,79270.0,10.538406622697922,1.5539729407432321,3019.0,113235.0,67212.0,105552.0,655268.0,20445.0,39462.0,10814.0,378.0,26529.0,18306.0
2017,ND,4.38,47,North Dakota,752201.0,79270.0,10.538406622697922,1.5539729407432321,3019.0,113235.0,67212.0,105552.0,655268.0,20445.0,39462.0,10814.0,378.0,26529.0,18306.0
2016,ND,6.41,73,North Dakota,736162.0,79314.0,10.773987247372181,1.528196239414694,2659.0,113229.0,63894.0,97890.0,649730.0,14761.0,38369.0,9296.0,336.0,22997.0,17979.0
2015,ND,7.16,81,North Dakota,721640.0,79758.0,11.052325259131978,1.588603735934815,2701.0,110867.0,61952.0,93946.0,640208.0,11872.0,38286.0,8979.0,304.0,20569.0,16132.0
2019,OH,6.97,930,Ohio,11655397.0,1588343.0,13.627532378347988,2.6981749313215158,69348.0,2323276.0,691111.0,1401609.0,9476047.0,1446193.0,22816.0,258199.0,3880.0,443415.0,335426.0
2018,OH,6.94,938,Ohio,11641879.0,1645986.0,14.13849087419651,2.9482525973685174,68548.0,2333362.0,681630.0,1370810.0,9489832.0,1438271.0,23563.0,249741.0,3591.0,431327.0,327089.0
2017,OH,7.18,983,Ohio,11641879.0,1645986.0,14.13849087419651,2.9482525973685174,68548.0,2333362.0,681630.0,1370810.0,9489832.0,1438271.0,23563.0,249741.0,3591.0,431327.0,327089.0
2016,OH,7.43,1026,Ohio,11586941.0,1732839.0,14.955103335729422,3.6589122185052982,68548.0,2352099.0,658910.0,1310995.0,9519506.0,1421943.0,21459.0,224520.0,3248.0,400932.0,298177.0
2015,OH,7.18,1000,Ohio,11575977.0,1775836.0,15.34070083242218,4.122770803708404,68837.0,2369349.0,643162.0,1278763.0,9538328.0,1412045.0,21646.0,216170.0,3060.0,390970.0,287212.0
2019,OK,7.08,343,Oklahoma,3932870.0,598373.0,15.214665117331618,2.4113179433848564,26024.0,680748.0,203387.0,436601.0,2844070.0,286356.0,299621.0,85239.0,6260.0,417906.0,304615.0
2018,OK,7.09,353,Oklahoma,3918137.0,607810.0,15.51272964676835,2.5289314794250433,25034.0,677212.0,198903.0,428829.0,2837772.0,287959.0,294676.0,83392.0,4471.0,407521.0,303110.0
2017,OK,7.79,391,Oklahoma,3918137.0,607810.0,15.51272964676835,2.5289314794250433,25034.0,677212.0,198903.0,428829.0,2837772.0,287959.0,294676.0,83392.0,4471.0,407521.0,303110.0
2016,OK,7.47,393,Oklahoma,3875589.0,621155.0,16.027370291328623,2.841374562679376,24165.0,674234.0,187963.0,413818.0,2823497.0,281295.0,286231.0,77541.0,4969.0,381467.0,299764.0
2015,OK,7.32,389,Oklahoma,3849733.0,624043.0,16.21003326724217,3.012624511881733,23211.0,670376.0,182135.0,405388.0,2813794.0,278571.0,279276.0,74570.0,4701.0,371459.0,299936.0
2019,OR,4.69,203,Oregon,4129803.0,533527.0,12.918945528394454,2.773957982983692,30209.0,532852.0,257692.0,603359.0,3480920.0,78679.0,48060.0,180580.0,16625.0,537217.0,198352.0
2018,OR,4.22,178,Oregon,4081943.0,565247.0,13.847498605443535,3.0251524825309906,30821.0,530622.0,249852.0,583144.0,3445933.0,77789.0,46961.0,174510.0,16006.0,523956.0,193660.0
2017,OR,5.34,233,Oregon,4081943.0,565247.0,13.847498605443535,3.0251524825309906,30821.0,530622.0,249852.0,583144.0,3445933.0,77789.0,46961.0,174510.0,16006.0,523956.0,193660.0
2016,OR,4.7,214,Oregon,3982267.0,614223.0,15.423953240704353,4.037825690743489,29374.0,531494.0,234336.0,538977.0,3387825.0,74012.0,45233.0,160155.0,14936.0,494806.0,175541.0
2015,OR,5.15,235,Oregon,3939233.0,636947.0,16.16931519409997,4.671366227892587,28591.0,535540.0,228892.0,522634.0,3352941.0,72837.0,46258.0,156695.0,15042.0,485646.0,162793.0
2019,PA,5.85,788,Pennsylvania,12791530.0,1539183.0,12.032829536419802,2.715687646434789,88552.0,2757067.0,758348.0,1701365.0,10300602.0,1430664.0,24691.0,436324.0,4198.0,935216.0,319874.0
2018,PA,5.94,806,Pennsylvania,12791181.0,1578949.0,12.344043915882358,2.9689596292945897,88991.0,2784595.0,741590.0,1661705.0,10341442.0,1423319.0,24847.0,427892.0,4107.0,905156.0,310880.0
2017,PA,6.08,837,Pennsylvania,12791181.0,1578949.0,12.344043915882358,2.9689596292945897,88991.0,2784595.0,741590.0,1661705.0,10341442.0,1423319.0,24847.0,427892.0,4107.0,905156.0,310880.0
2016,PA,6.15,857,Pennsylvania,12783977.0,1647762.0,12.88927537964125,3.664274427277208,87634.0,2831106.0,712180.0,1578040.0,10402743.0,1410563.0,24947.0,401979.0,4463.0,843164.0,285768.0
2015,PA,6.15,867,Pennsylvania,12779559.0,1666569.0,13.040896012139386,4.029818243336879,86400.0,2855340.0,698397.0,1535222.0,10430142.0,1403143.0,23641.0,392595.0,4279.0,815538.0,272689.0
2019,RI,5.8,61,Rhode Island,1057231.0,125826.0,11.901467134429467,2.880638195436948,10729.0,174032.0,61743.0,150150.0,850597.0,71561.0,5277.0,35958.0,810.0,163226.0,35221.0
2018,RI,4.95,52,Rhode Island,1056611.0,133055.0,12.592619232622035,3.263168753685131,10680.0,172787.0,61136.0,145595.0,854502.0,69254.0,5484.0,35663.0,863.0,158858.0,32709.0
2017,RI,6.2,66,Rhode Island,1056611.0,133055.0,12.592619232622035,3.263168753685131,10680.0,172787.0,61136.0,145595.0,854502.0,69254.0,5484.0,35663.0,863.0,158858.0,32709.0
2016,RI,5.56,60,Rhode Island,1054491.0,140161.0,13.291815672205832,4.134696265781311,10971.0,167868.0,61626.0,140296.0,854026.0,68886.0,5130.0,34598.0,575.0,148375.0,30058.0
2015,RI,5.91,65,Rhode Island,1053661.0,144223.0,13.687799016951372,4.595216108406784,11223.0,165067.0,61060.0,137505.0,854859.0,68243.0,5106.0,34213.0,373.0,143788.0,29782.0
2019,SC,6.97,391,South Carolina,5020806.0,741650.0,14.771532698136514,2.7789562074296437,37535.0,850160.0,337253.0,614156.0,3372011.0,1344139.0,17645.0,78805.0,4002.0,285458.0,115930.0
2018,SC,7.11,403,South Carolina,4955925.0,770632.0,15.549710699818904,3.0920968335880787,37099.0,847337.0,324446.0,588965.0,3332986.0,1339360.0,16686.0,75084.0,3004.0,275685.0,110208.0
2017,SC,6.52,372,South Carolina,4955925.0,770632.0,15.549710699818904,3.0920968335880787,37099.0,847337.0,324446.0,588965.0,3332986.0,1339360.0,16686.0,75084.0,3004.0,275685.0,110208.0
2016,SC,7.01,402,South Carolina,4834605.0,806422.0,16.680204484130556,4.022127971157933,37090.0,818122.0,299118.0,551968.0,3252252.0,1322368.0,15417.0,68553.0,2784.0,258361.0,100082.0
2015,SC,6.91,402,South Carolina,4777576.0,830901.0,17.391685658166402,4.562501988456071,37053.0,813461.0,287271.0,530349.0,3210708.0,1315058.0,14966.0,66982.0,2588.0,254092.0,93950.0
2019,SD,6.68,80,South Dakota,870638.0,110553.0,12.697929564296528,1.8074101980386796,3766.0,147794.0,66074.0,113870.0,733719.0,17531.0,76190.0,12627.0,504.0,33024.0,22837.0
2018,SD,5.89,70,South Dakota,864289.0,113144.0,13.090991554908138,1.8803895456265207,3834.0,147729.0,65075.0,112426.0,730062.0,16241.0,75331.0,12660.0,293.0,31995.0,23089.0
2017,SD,7.75,94,South Dakota,864289.0,113144.0,13.090991554908138,1.8803895456265207,3834.0,147729.0,65075.0,112426.0,730062.0,16241.0,75331.0,12660.0,293.0,31995.0,23089.0
2016,SD,4.89,60,South Dakota,851058.0,115300.0,13.5478428027232,2.1897449997532483,3401.0,147109.0,61483.0,107762.0,721410.0,14078.0,74187.0,11351.0,313.0,29187.0,22239.0
2015,SD,7.3,90,South Dakota,843190.0,114907.0,13.627652130599271,2.3980360298390635,3094.0,148025.0,59036.0,104728.0,716691.0,13133.0,72619.0,10152.0,332.0,27914.0,22323.0
2019,TN,7.06,563,Tennessee,6709356.0,996930.0,14.858803139973494,2.5754930875630984,48373.0,1203461.0,334362.0,789448.0,5205132.0,1124473.0,18189.0,117600.0,3771.0,364174.0,147536.0
2018,TN,6.89,556,Tennessee,6651089.0,1046508.0,15.734385752468505,2.8798892933172295,49403.0,1198201.0,323928.0,762299.0,5166231.0,1117489.0,17848.0,112915.0,3806.0,352402.0,142134.0
2017,TN,7.29,591,Tennessee,6651089.0,1046508.0,15.734385752468505,2.8798892933172295,49403.0,1198201.0,323928.0,762299.0,5166231.0,1117489.0,17848.0,112915.0,3806.0,352402.0,142134.0
2016,TN,7.35,594,Tennessee,6548009.0,1100169.0,16.80158044987415,3.640373738032431,50460.0,1180447.0,301681.0,712781.0,5096733.0,1100577.0,18757.0,105368.0,3299.0,327345.0,133210.0
2015,TN,6.95,568,Tennessee,6499615.0,1117594.0,17.194772305744262,4.09711959862238,50158.0,1176200.0,287483.0,696512.0,5059894.0,1091070.0,17802.0,102027.0,3323.0,320090.0,128760.0
2019,TX,5.49,2075,Texas,28260856.0,4072194.0,14.409308762622052,2.508158280839052,361299.0,3729737.0,1309005.0,3534714.0,20903375.0,3428211.0,141425.0,1357273.0,25292.0,11116881.0,761411.0
2018,TX,5.48,2075,Texas,27885195.0,4213938.0,15.111739401499612,2.664517856159873,354158.0,3660917.0,1261050.0,3409836.0,20720689.0,3365783.0,136061.0,1308257.0,23672.0,10921556.0,730499.0
2017,TX,5.85,2236,Texas,27885195.0,4213938.0,15.111739401499612,2.664517856159873,354158.0,3660917.0,1261050.0,3409836.0,20720689.0,3365783.0,136061.0,1308257.0,23672.0,10921556.0,730499.0
2016,TX,5.72,2277,Texas,26956435.0,4397307.0,16.312642973746343,3.1463025433444742,333777.0,3512336.0,1160660.0,3158468.0,20174403.0,3221133.0,128145.0,1175423.0,22248.0,10413150.0,673400.0
2015,TX,5.71,2305,Texas,26538614.0,4472451.0,16.852617095979465,3.4367582270875188,325670.0,3456053.0,1119055.0,3054382.0,19874610.0,3152917.0,126493.0,1124011.0,21655.0,10196367.0,653062.0
2019,UT,5.13,249,Utah,3096848.0,298537.0,9.64002753767702,1.793404132201516,15179.0,362222.0,176978.0,410803.0,2676482.0,36849.0,33721.0,71977.0,27554.0,434832.0,94036.0
2018,UT,5.49,259,Utah,3045350.0,309904.0,10.176301574531664,1.9360007880867551,14827.0,355712.0,173766.0,391237.0,2632056.0,35862.0,32657.0,69810.0,27096.0,422123.0,89879.0
2017,UT,5.89,286,Utah,3045350.0,309904.0,10.176301574531664,1.9360007880867551,14827.0,355712.0,173766.0,391237.0,2632056.0,35862.0,32657.0,69810.0,27096.0,422123.0,89879.0
2016,UT,5.43,274,Utah,2948427.0,338808.0,11.49114426099069,2.4797629380005,13450.0,343976.0,166445.0,358887.0,2572595.0,32512.0,31686.0,66039.0,26411.0,397915.0,77810.0
2015,UT,5.02,255,Utah,2903379.0,351601.0,12.110062103500782,2.819817874276834,12943.0,340490.0,160275.0,347460.0,2544735.0,31909.0,31824.0,64102.0,26147.0,389856.0,74755.0
2019,VT,Unreliable,15,Vermont,624313.0,65652.0,10.51587905425644,1.9738496555413712,2715.0,111530.0,38518.0,99016.0,587883.0,8502.0,2132.0,10461.0,325.0,12038.0,12600.0
2018,VT,6.44,35,Vermont,624977.0,67034.0,10.725834710717354,2.2205617166711735,2683.0,112989.0,37513.0,97034.0,589546.0,8058.0,2106.0,10579.0,184.0,11677.0,12078.0
2017,VT,4.77,27,Vermont,624977.0,67034.0,10.725834710717354,2.2205617166711735,2683.0,112989.0,37513.0,97034.0,589546.0,8058.0,2106.0,10579.0,184.0,11677.0,12078.0
2016,VT,3.47,20,Vermont,626249.0,69673.0,11.12544690690125,2.728467430686516,2426.0,114813.0,37454.0,94823.0,592965.0,7404.0,1984.0,9212.0,206.0,10900.0,12169.0
2015,VT,4.57,27,Vermont,626604.0,69233.0,11.048924041340305,3.025355727062068,2372.0,115563.0,36581.0,94705.0,594443.0,6949.0,2018.0,8774.0,249.0,10691.0,12169.0
2019,VA,5.82,570,Virginia,8454463.0,865691.0,10.239455776197731,2.3756683304427497,68125.0,1155096.0,448739.0,1272608.0,5717617.0,1621592.0,23873.0,541133.0,6179.0,792001.0,320275.0
2018,VA,5.61,560,Virginia,8413774.0,893580.0,10.620442146413726,2.5870673493250473,69818.0,1154825.0,436970.0,1244489.0,5722660.0,1613285.0,22972.0,531503.0,5677.0,771177.0,309213.0
2017,VA,5.9,592,Virginia,8413774.0,893580.0,10.620442146413726,2.5870673493250473,69818.0,1154825.0,436970.0,1244489.0,5722660.0,1613285.0,22972.0,531503.0,5677.0,771177.0,309213.0
2016,VA,5.85,599,Virginia,8310301.0,921664.0,11.090621145972932,3.0725722209099287,68478.0,1154899.0,413611.0,1191485.0,5712958.0,1596352.0,21948.0,502878.0,5494.0,725092.0,279699.0
2015,VA,5.9,610,Virginia,8256630.0,921822.0,11.164627699194465,3.343131519760483,66122.0,1162016.0,403610.0,1167357.0,5695147.0,1589345.0,22570.0,492973.0,5304.0,709156.0,268167.0
2019,WA,4.14,365,Washington,7404107.0,785244.0,10.605519342170501,2.530082290815084,59452.0,925707.0,509353.0,1144545.0,5581128.0,281683.0,94449.0,631333.0,49090.0,937579.0,433386.0
2018,WA,4.69,404,Washington,7294336.0,821621.0,11.263821683015424,2.7189589292294736,57948.0,917800.0,501449.0,1104621.0,5545997.0,269854.0,95048.0,607429.0,48043.0,911573.0,416795.0
2017,WA,3.88,340,Washington,7294336.0,821621.0,11.263821683015424,2.7189589292294736,57948.0,917800.0,501449.0,1104621.0,5545997.0,269854.0,95048.0,607429.0,48043.0,911573.0,416795.0
2016,WA,4.32,391,Washington,7073146.0,883256.0,12.48745607682918,3.4594507168380235,54750.0,911101.0,469700.0,1022117.0,5470566.0,256990.0,94026.0,552032.0,44870.0,854275.0,377703.0
2015,WA,4.88,434,Washington,6985464.0,908512.0,13.005750226470282,3.976915491941552,52663.0,910601.0,460415.0,986653.0,5434177.0,253224.0,93266.0,535501.0,44159.0,835488.0,360705.0
2019,WV,6.31,112,West Virginia,1817305.0,310044.0,17.06064749725555,2.856427512167743,10076.0,432826.0,94488.0,159196.0,1691600.0,66990.0,3667.0,14523.0,419.0,28368.0,32135.0
2018,WV,6.96,127,West Virginia,1829054.0,315464.0,17.247385807089348,2.938677589617365,10152.0,436424.0,91975.0,158032.0,1704345.0,66728.0,3668.0,14534.0,350.0,27522.0,32139.0
2017,WV,6.96,130,West Virginia,1829054.0,315464.0,17.247385807089348,2.938677589617365,10152.0,436424.0,91975.0,158032.0,1704345.0,66728.0,3668.0,14534.0,350.0,27522.0,32139.0
2016,WV,7.23,138,West Virginia,1846092.0,318060.0,17.22882716571005,3.3159235834400453,11212.0,437243.0,87889.0,153834.0,1725411.0,63305.0,3281.0,13990.0,648.0,26247.0,33726.0
2015,WV,7.12,141,West Virginia,1851420.0,323384.0,17.466809259919412,3.4212118265979625,11071.0,442151.0,85558.0,152377.0,1732235.0,61367.0,2953.0,13485.0,625.0,25408.0,36189.0
2019,WI,5.85,371,Wisconsin,5790716.0,639160.0,11.037667880794016,1.9266011318807554,34775.0,1073887.0,429430.0,780824.0,4946961.0,371200.0,51392.0,161841.0,2400.0,394392.0,138572.0
2018,WI,6.12,392,Wisconsin,5778394.0,668220.0,11.564112796739025,2.1596312054871993,34730.0,1077539.0,422227.0,762210.0,4945966.0,368744.0,50422.0,159356.0,1975.0,385779.0,135990.0
2017,WI,6.39,415,Wisconsin,5778394.0,668220.0,11.564112796739025,2.1596312054871993,34730.0,1077539.0,422227.0,762210.0,4945966.0,368744.0,50422.0,159356.0,1975.0,385779.0,135990.0
2016,WI,6.3,420,Wisconsin,5754798.0,713472.0,12.397863487128479,2.944082485605924,33041.0,1093662.0,401314.0,729499.0,4961193.0,361730.0,51459.0,148077.0,1378.0,371205.0,125923.0
2015,WI,5.8,389,Wisconsin,5742117.0,724348.0,12.61465065933,3.3744174840045926,33034.0,1101435.0,390482.0,713858.0,4967124.0,360792.0,50449.0,143732.0,1233.0,364558.0,122730.0
2019,WY,7,46,Wyoming,581024.0,62257.0,10.715047915404528,2.331056892658479,1881.0,93507.0,43761.0,68269.0,531304.0,5582.0,14164.0,5025.0,596.0,57341.0,15521.0
2018,WY,5.33,35,Wyoming,581836.0,63311.0,10.88124488687534,2.3520373438563444,1519.0,91927.0,42835.0,67697.0,532008.0,5540.0,14053.0,4756.0,539.0,56966.0,15579.0
2017,WY,4.64,32,Wyoming,581836.0,63311.0,10.88124488687534,2.3520373438563444,1519.0,91927.0,42835.0,67697.0,532008.0,5540.0,14053.0,4756.0,539.0,56966.0,15579.0
2016,WY,5.01,37,Wyoming,583029.0,65762.0,11.279370322917043,2.593009953192723,1102.0,93152.0,41392.0,66753.0,531851.0,6435.0,13033.0,5385.0,391.0,56386.0,15531.0
2015,WY,4.89,38,Wyoming,579679.0,64995.0,11.212239877587423,2.587984039442519,1049.0,93161.0,39555.0,65787.0,527763.0,6142.0,12658.0,5319.0,423.0,55698.0,15489.0
